headline,url,category,content,cluster,cluster_name
UK's Deliveroo to be bought by US firm DoorDash in ?2.9bn deal,https://www.bbc.com/news/articles/c5yr1nz7jwko,business,,0,politics
Car giant Ford and Barbie maker Mattel warn over tariffs costs,https://www.bbc.com/news/articles/cly1e7ll07do,business,,0,politics
World of Business,https://cloud.email.bbc.com/WorldofBusiness_Newsletter_Signup?&at_bbc_team=studios&at_medium=emails&at_objective=acquisition&at_ptr_type=&at_ptr_name=bbc.com&at_format=Module&at_link_origin=homepage&at_campaign=wob&at_campaign_type=owned,business,,2,arts/culture/celebrities
Trump considering 100% tariffs on movies not made in the US,https://www.bbc.com/news/articles/cjr7e2z1rxyo,business,,1,business
OpenAI says non-profit will remain in control after backlash,https://www.bbc.com/news/articles/cwy603eg0w8o,business,,2,arts/culture/celebrities
Car giant Ford and Barbie maker Mattel warn over tariffs costs,https://www.bbc.com/news/articles/cly1e7ll07do,business,,0,politics
India worried about Chinese 'dumping' as trade tensions with Trump escalate,https://www.bbc.com/news/articles/ckg5d505v8xo,business,,1,business
Deliveroo deal shows UK still can't hang on to big firms,https://www.bbc.com/news/articles/cvgp22d2kexo,business,,0,politics
What Canada's Mark Carney can expect when he meets Trump,https://www.bbc.com/news/videos/cwyn9vv9852o,business,,1,business
World of Business,https://cloud.email.bbc.com/WorldofBusiness_Newsletter_Signup?&at_bbc_team=studios&at_medium=emails&at_objective=acquisition&at_ptr_type=&at_ptr_name=bbc.com&at_format=Module&at_link_origin=homepage&at_campaign=wob&at_campaign_type=owned,business,,2,arts/culture/celebrities
Colombia's wind farms bring promise and pain for indigenous group,https://www.bbc.com/news/articles/ckg2ekjjgldo,business,,2,arts/culture/celebrities
Deported gang members get second chance at call centre,https://www.bbc.com/news/articles/c93g2e332d9o,business,,2,arts/culture/celebrities
"Highly unlikely for tariffs to be ratcheted up, expert says",https://www.bbc.com/reel/video/p0l6j1mj/highly-unlikely-for-tariffs-to-be-ratcheted-up-expert-says,business,,2,arts/culture/celebrities
The ex-Google exec who wants to simplify your life,https://www.bbc.com/worklife/article/20250313-the-ex-google-exec-who-wants-to-simplify-your-life,business,,2,arts/culture/celebrities
Trump film tariffs to be part of UK-US trade talks,https://www.bbc.com/news/articles/cz01kx3yrmvo,business,,0,politics
What impact might Trump's Hollywood tariffs plan have?,https://www.bbc.com/news/articles/cwy04kjwk09o,business,,1,business
Elon Musk's Starbase in Texas will officially become a city,https://www.bbc.com/news/articles/c39j8rj4nmmo,business,,2,arts/culture/celebrities
How Carney's election win will change direction of trade war,https://www.bbc.com/news/articles/cgjlqwxevd0o,business,,1,business
London's 'spiralling' housing crisis in numbers,https://www.bbc.com/news/articles/cgkg54nd5d5o,business,,2,arts/culture/celebrities
"Warren Buffett, 94, stepping down as Berkshire Hathaway CEO",https://www.bbc.com/news/articles/cqj4nev7p70o,business,,2,arts/culture/celebrities
Playing with FIRE: How to quit work and retire in your 30s,https://www.bbc.com/reel/video/p09qwdp6/playing-with-fire-how-to-quit-work-and-retire-in-your-30s,business,,2,arts/culture/celebrities
Boomerang CEOs: Do they ever succeed?,https://www.bbc.com/reel/video/p0h9q7kj/boomerang-ceos-do-they-ever-succeed-,business,,2,arts/culture/celebrities
How industry leaders transformed their career,https://www.bbc.com/reel/video/p0h4hbs4/how-industry-leaders-transformed-their-career,business,,2,arts/culture/celebrities
Women were the original beer brewers - what changed?,https://www.bbc.com/reel/video/p0gwgmz8/women-were-the-original-beer-brewers-what-changed-,business,,2,arts/culture/celebrities
How waiting alters our perception of time,https://www.bbc.com/reel/video/p09cdyyd/how-waiting-alters-our-perception-of-time,business,,2,arts/culture/celebrities
Do the super-rich 'deserve' their wealth?,https://www.bbc.com/reel/video/p0fv01m1/do-the-super-rich-deserve-their-wealth-,business,,2,arts/culture/celebrities
Four simple hacks to succeed in every conversation,https://www.bbc.com/reel/video/p098mgm9/four-simple-hacks-to-succeed-in-every-conversation,business,,2,arts/culture/celebrities
Solo and hybrid work: Navigating our future and new normal,https://www.bbc.com/reel/video/p09p4p1r/solo-and-hybrid-work-navigating-our-future-and-new-normal,business,,2,arts/culture/celebrities
Can supersonic flight ever be sustainable?,https://www.bbc.com/reel/video/p0c5mvlh/can-supersonic-flight-ever-be-sustainable-,business,,2,arts/culture/celebrities
Commencement speech: The surprising pitfall of your passions,https://www.bbc.com/reel/video/p0fq5w2r/commencement-speech-the-surprising-pitfall-of-your-passions,business,,2,arts/culture/celebrities
A desk full of descriptions for your work colleagues,https://www.bbc.com/reel/video/p0d20p52/a-desk-full-of-descriptions-for-your-work-colleagues,business,,2,arts/culture/celebrities
Veterinarian suicide rates are very high. Why?,https://www.bbc.com/reel/video/p0gkmzb8/veterinarian-suicide-rates-are-very-high-why-,business,,2,arts/culture/celebrities
ASMR: How whispering took over the internet,https://www.bbc.com/reel/video/p0d95c27/asmr-how-whispering-took-over-the-internet,business,,2,arts/culture/celebrities
Uber starts allowing customers to pay in cash,https://www.bbc.com/news/articles/c4g4le9n469o,business,,2,arts/culture/celebrities
Wall Street stocks bounce back from Trump tariff losses,https://www.bbc.com/news/articles/cj0z65dq771o,business,,1,business
Tariffs on car parts entering the US come into force,https://www.bbc.com/news/articles/c4grdke5r1jo,business,,2,arts/culture/celebrities
US court rules ex-Abercrombie CEO unfit for trial,https://www.bbc.com/news/articles/cp31nknxgwlo,business,,2,arts/culture/celebrities
US jobs grow by more than expected despite tariff turmoil,https://www.bbc.com/news/articles/c4grd0wqy22o,business,,2,arts/culture/celebrities
Temu to stop selling goods from China directly to US customers,https://www.bbc.com/news/articles/cwy79j2n7d4o,business,,3,sports
M&S supplier resorts to pen and paper after cyber attack,https://www.bbc.com/news/articles/cvgnyplvdv8o,business,,2,arts/culture/celebrities
"Co-op cyber attack affects customer data, firm admits, after hackers contact BBC",https://www.bbc.com/news/articles/crkx3vy54nzo,business,,2,arts/culture/celebrities
Trump signs order to block funding to public radio,https://www.bbc.com/news/articles/cly1jwe7582o,business,,1,business
27 of the best looks from Met Gala 2025,https://www.bbc.com/news/articles/c20xvd10xv5o,culture,,2,arts/culture/celebrities
Attenborough at 99 delivers 'greatest message he's ever told',https://www.bbc.com/news/articles/cn0wjxg0ex1o,culture,,2,arts/culture/celebrities
What impact might Trump's Hollywood tariffs plan have?,https://www.bbc.com/news/articles/cwy04kjwk09o,culture,,1,business
Trump film tariffs to be part of UK-US trade talks,https://www.bbc.com/news/articles/cz01kx3yrmvo,culture,,0,politics
Lemmy statue to be unveiled in hometown,https://www.bbc.com/news/articles/c5ylnyrydl0o,culture,,2,arts/culture/celebrities
Attenborough at 99 delivers 'greatest message he's ever told',https://www.bbc.com/news/articles/cn0wjxg0ex1o,culture,,2,arts/culture/celebrities
"Winter fuel cuts were factor at elections, says minister",https://www.bbc.com/news/articles/cy0xee5krnno,politics,,2,arts/culture/celebrities
Visa applications for some nationalities could be restricted,https://www.bbc.com/news/articles/cn0wd75ne82o,politics,,2,arts/culture/celebrities
Wales' Labour first minister says she will 'call out' Starmer,https://www.bbc.com/news/articles/cy9v7gn9729o,politics,,2,arts/culture/celebrities
"Plan to modernise 1,000 GP practice buildings",https://www.bbc.com/news/articles/cx28erkmm3yo,politics,,2,arts/culture/celebrities
"Changing leader not enough to fix Tories, Badenoch says",https://www.bbc.com/news/articles/c5y6nv7l635o,politics,,2,arts/culture/celebrities
Visa applications for some nationalities could be restricted,https://www.bbc.com/news/articles/cn0wd75ne82o,politics,,2,arts/culture/celebrities
Ex-Runcorn MP blames Labour mistakes for election losses,https://www.bbc.com/news/articles/c87p99jzrxjo,politics,,2,arts/culture/celebrities
Trump film tariffs to be part of UK-US trade talks,https://www.bbc.com/news/articles/cz01kx3yrmvo,politics,,0,politics
Rihanna reveals she is expecting third child with A$AP Rocky,https://www.bbc.com/news/articles/cde21wnlrpjo,culture,,2,arts/culture/celebrities
What is Sean 'Diddy' Combs charged with and how are jurors picked?,https://www.bbc.com/news/articles/c0qz32wzeego,culture,,2,arts/culture/celebrities
What impact might Trump's Hollywood tariffs plan have?,https://www.bbc.com/news/articles/cwy04kjwk09o,culture,,1,business
Banksy's legacy amid steelworks loss fuels new play,https://www.bbc.com/news/articles/cy9vw540zngo,culture,,2,arts/culture/celebrities
Trump considering 100% tariffs on movies not made in the US,https://www.bbc.com/news/articles/cjr7e2z1rxyo,culture,,1,business
"Molly-Mae is back, and I Kissed a Boy returns: What's coming up this week",https://www.bbc.com/news/articles/clyqxzlzw9jo,culture,,2,arts/culture/celebrities
Brazil police thwart bomb attack on Lady Gaga concert,https://www.bbc.com/news/articles/c209r5pqzneo,culture,,2,arts/culture/celebrities
How Katy Perry became the Hot and Cold popstar,https://www.bbc.com/news/articles/cwynz85zj2vo,culture,,2,arts/culture/celebrities
This video has been removed for rights reasons,https://www.bbc.com/news/videos/cp8ydeglqveo,culture,,2,arts/culture/celebrities
Watch: Stars celebrate at glitzy Oscars after party,https://www.bbc.com/news/videos/c0mwrjegvk0o,culture,,2,arts/culture/celebrities
Wales' Labour first minister says she will 'call out' Starmer,https://www.bbc.com/news/articles/cy9v7gn9729o,politics,,2,arts/culture/celebrities
"Doing nothing on social care 'untenable', MPs warn",https://www.bbc.com/news/articles/c62zpwx74e6o,politics,,2,arts/culture/celebrities
Reform considers legal challenges against asylum hotels,https://www.bbc.com/news/articles/c77npgv06xpo,politics,,2,arts/culture/celebrities
Labour minister sorry over grooming gangs remark,https://www.bbc.com/news/articles/c2ew9jnj2p1o,politics,,2,arts/culture/celebrities
Reform clarifies flag policy after red rose row,https://www.bbc.com/news/articles/cwyn9pg994jo,politics,,2,arts/culture/celebrities
Scotland's election countdown - should Swinney be optimistic?,https://www.bbc.com/news/articles/cwynzj1ezv4o,politics,,2,arts/culture/celebrities
Take the questionnaire,https://www.bbc.co.uk/send/u193491675?at_mid=dSYDSOqekX&at_campaign=Our_BBC_Our_Future_Survey_Default&at_medium=display_ad&at_campaign_type=owned&at_audience_id=all_map_aud&at_product=pan_bbc&at_brand=our_bbc_our_future&at_ptr_name=bbc&at_ptr_type=media&at_format=banner&at_objective=consumption&at_link_title=Our_BBC_Our_Future_Survey_Default&at_bbc_team=BBC,politics,,2,arts/culture/celebrities
Local elections 2025 in maps and charts,https://www.bbc.com/news/articles/cd925jk27k0o,politics,,2,arts/culture/celebrities
Chris Mason: Fireworks for Reform as Labour and Tories write election post-mortems,https://www.bbc.com/news/articles/ce8478zp085o,politics,,2,arts/culture/celebrities
Henry Zeffman: Seven things we have learnt from the election results,https://www.bbc.com/news/articles/cp8jdr6ylzjo,politics,,2,arts/culture/celebrities
What might Reform do with its newly won power?,https://www.bbc.com/news/articles/cdjl4k8jyxeo,politics,,2,arts/culture/celebrities
'Not Labour enough': MPs' despair at voters' verdict on government,https://www.bbc.com/news/articles/cp8jdr900r7o,politics,,2,arts/culture/celebrities
From wedding videos to four Oscars: Anora director speaks to the BBC,https://www.bbc.com/news/videos/cg4kvg02w7ko,culture,,2,arts/culture/celebrities
Baftas 2025: Watch the big moments in 100 seconds,https://www.bbc.com/news/videos/crr0r5lqgr2o,culture,,2,arts/culture/celebrities
'I didn't believe it': Warwick Davis on receiving Bafta fellowship,https://www.bbc.com/news/videos/cd9q98d95w3o,culture,,2,arts/culture/celebrities
Nepo babies or superstars in waiting?,https://www.bbc.com/news/articles/c05nrdz2vqeo,culture,,2,arts/culture/celebrities
David Bowie to Doctor Who: Famous faces come to life in art show,https://www.bbc.com/news/articles/cdxg094zk58o,culture,,2,arts/culture/celebrities
Four ways the film Conclave sheds light on the secretive way popes are chosen,https://www.bbc.com/news/articles/cgkg403x1gxo,culture,,2,arts/culture/celebrities
Lorde: 'Working with Charli XCX kicked me into opening up',https://www.bbc.com/news/articles/c0l05xx6ekdo,culture,,2,arts/culture/celebrities
"Kneecap: Rap group are no strangers to controversy, but is this time different?",https://www.bbc.com/news/articles/cly5r4gg7l6o,culture,,2,arts/culture/celebrities
Rihanna reveals she is expecting third child with A$AP Rocky,https://www.bbc.com/news/articles/cde21wnlrpjo,culture,,2,arts/culture/celebrities
Trump film tariffs to be part of UK-US trade talks,https://www.bbc.com/news/articles/cz01kx3yrmvo,culture,,0,politics
What impact might Trump's Hollywood tariffs plan have?,https://www.bbc.com/news/articles/cwy04kjwk09o,culture,,1,business
The men who broke out of Alcatraz with a spoon,https://www.bbc.com/culture/article/20240607-it-was-the-cleverest-escape-in-the-prisons-30-years-the-men-who-broke-out-of-alcatraz-with-a-spoon,culture,,2,arts/culture/celebrities
The Cold War spy mystery of the vanishing frogman,https://www.bbc.com/culture/article/20250501-the-cold-war-spy-mystery-of-buster-crabb,culture,,2,arts/culture/celebrities
"Met Gala tickets cost $75,000. Here's what to know about fashion's biggest night",https://www.bbc.com/news/articles/c3r807j7xrwo,culture,,2,arts/culture/celebrities
"Molly-Mae is back, and I Kissed a Boy returns: What's coming up this week",https://www.bbc.com/news/articles/clyqxzlzw9jo,culture,,2,arts/culture/celebrities
Marvel's Thunderbolts* proves a hit at box office,https://www.bbc.com/news/articles/cz79x7exn3wo,culture,,2,arts/culture/celebrities
'Little Monsters' enjoy free Lady Gaga concert in Brazil,https://www.bbc.com/news/videos/c1me42j0xn3o,culture,,2,arts/culture/celebrities
"His stats are better, but will Yamal build legacy to rival Messi?",https://www.bbc.com/sport/football/articles/cr4nv6e1312o,sport,,2,arts/culture/celebrities
In Pictures: Sporting photos of the week,https://www.bbc.com/sport/articles/czd39932q39o,sport,,2,arts/culture/celebrities
Doris needs shoulder operation & is doubt for Lions,https://www.bbc.com/sport/rugby-union/articles/cyvqd858rd7o,sport,,2,arts/culture/celebrities
Tuchel faces dilemma over releasing players for Club World Cup,https://www.bbc.com/sport/football/articles/ckg2kqvqpe1o,sport,,2,arts/culture/celebrities
The runner who went viral and sparked a campaign for change for women,https://www.bbc.com/sport/athletics/articles/crm3py4jdnno,sport,,2,arts/culture/celebrities
"Rugby Union Weekly. A Champions Cup classic and Lions watch. Audio, 60 minutes",https://www.bbc.com/sounds/play/p0l8fft3,sport,,2,arts/culture/celebrities
LIVE: Inter defeat Barcelona in Champions League semifinal  reaction,https://www.aljazeera.com/sport/liveblog/2025/5/6/live-inter-milan-vs-barcelona-uefa-champions-league-semifinal,sport,,2,arts/culture/celebrities
Champions League: All to know before the PSG-Arsenal semifinal decider,https://www.aljazeera.com/sport/2025/5/6/psg-vs-arsenal-uefa-champions-league-start-time-team-news-lineups,sport,,2,arts/culture/celebrities
Nuggets Gordon drains game-winner to beat Thunder in NBA playoff opener,https://www.aljazeera.com/sport/2025/5/6/gordon-jokic-lead-nuggets-past-thunder-in-game-1-of-nba-playoffs,sport,,2,arts/culture/celebrities
"Knicks stun NBA champion Celtics in Game 1, steal home court",https://www.aljazeera.com/sport/2025/5/6/brunson-anunoby-knicks-stun-celtics-in-game-1-steal-playoffs-home-court,sport,,2,arts/culture/celebrities
Champions League: All to know ahead of Barca-Inter semifinal decider,https://www.aljazeera.com/sport/2025/5/5/inter-vs-barcelona-uefa-champions-league-start-time-team-news-lineups,sport,,2,arts/culture/celebrities
Alexander-Arnold confirms Liverpool exit amid Real Madrid rumours,https://www.aljazeera.com/sport/2025/5/5/alexander-arnold-to-depart-liverpool-at-season-end-amid-real-madrid-link,sport,,2,arts/culture/celebrities
"Pacers stun Cavs, Warriors shoot down Rockets to advance in NBA playoffs",https://www.aljazeera.com/sport/2025/5/5/hield-warriors-win-game-7-against-rockets-to-advance-in-nba-playoffs,sport,,2,arts/culture/celebrities
Three in a row: Piastri wins in Miami to lead McLaren one-two,https://www.aljazeera.com/sport/2025/5/5/piastri-beats-norris-at-f1-miami-gp-to-extend-championship-lead,sport,,2,arts/culture/celebrities
Mbappe brace against Celta Vigo keeps Real Madrid LaLiga title hopes alive,https://www.aljazeera.com/sport/2025/5/4/mbappe-keeps-real-madrids-laliga-hopes-alive-in-celta-vigo-thriller,sport,,2,arts/culture/celebrities
Real Madrid survive late scare against Celta Vigo to keep title race alive,https://www.aljazeera.com/sport/liveblog/2025/5/4/live-real-madrid-vs-celta-vigo-laliga,sport,,2,arts/culture/celebrities
Messi scores as Miami bounce back with crushing 4-1 defeat of Red Bulls,https://www.aljazeera.com/sport/2025/5/4/messi-inter-miami-crush-new-york-red-bulls-in-mls,sport,,2,arts/culture/celebrities
Nuggets eliminate Clippers to advance in NBA playoffs,https://www.aljazeera.com/sport/2025/5/4/nuggets-eliminate-clippers-in-game-7-to-advance-in-nba-playoffs,sport,,2,arts/culture/celebrities
Alvarez beats Scull to reclaim undisputed super-middleweight title,https://www.aljazeera.com/sport/2025/5/4/canelo-alvarez-beats-scull-to-reclaim-undisputed-super-middleweight-title,sport,,2,arts/culture/celebrities
Canelo Alvarez unifies super-middleweight titles in decision win over Scull,https://www.aljazeera.com/sport/liveblog/2025/5/3/live-canelo-vs-scull-middleweight-boxing,sport,,2,arts/culture/celebrities
India launches attacks on several sites in Pakistan,https://www.aljazeera.com/news/2025/5/6/india-launches-attacks-on-several-sites-in-pakistan,politics,,3,sports
India fires missile barrage into Pakistan as war fears surge,https://www.aljazeera.com/news/liveblog/2025/5/6/india-pakistan-fighting-live-india-fires-missiles-into-pakistan,politics,,2,arts/culture/celebrities
Key takeaways from Donald Trumps meeting with Canadas PM Mark Carney,https://www.aljazeera.com/news/2025/5/6/key-takeaways-from-donald-trumps-meeting-with-canadas-pm-mark-carney,politics,,1,business
Trump says bombing of Yemen to stop as Oman confirms US-Houthi ceasefire,https://www.aljazeera.com/news/2025/5/6/trump-says-bombing-of-yemen-to-stop-as-oman-confirms-us-houthi-ceasefire,politics,,1,business
Pakistan blames India after seven soldiers killed in Balochistan blast,https://www.aljazeera.com/news/2025/5/6/pakistan-blames-india-after-seven-soldiers-killed-in-balochistan-blast,politics,,2,arts/culture/celebrities
LIVE: Inter defeat Barcelona in Champions League semifinal  reaction,https://www.aljazeera.com/sport/liveblog/2025/5/6/live-inter-milan-vs-barcelona-uefa-champions-league-semifinal,politics,,2,arts/culture/celebrities
"India, UK agree historic trade deal including tariff cuts",https://www.aljazeera.com/news/2025/5/6/india-uk-agree-historic-trade-deal-including-tariff-cuts,politics,,0,politics
Yemens Houthis vow retaliation after Israeli attacks on Sanaa,https://www.aljazeera.com/news/2025/5/6/israeli-strikes-rock-yemens-sanaa-including-international-airport,politics,,3,sports
No safety guarantee: Could Ukrainian drones target Putins Victory Day?,https://www.aljazeera.com/news/2025/5/6/no-safety-guarantee-could-ukrainian-drones-target-putins-victory-day,politics,,2,arts/culture/celebrities
Champions League: All to know before the PSG-Arsenal semifinal decider,https://www.aljazeera.com/sport/2025/5/6/psg-vs-arsenal-uefa-champions-league-start-time-team-news-lineups,sport,,2,arts/culture/celebrities
Germanys Merz elected chancellor in second round of voting,https://www.aljazeera.com/news/2025/5/6/germanys-merz-elected-chancellor-in-second-round-vote,politics,,2,arts/culture/celebrities
Trump updates: Canadas Mark Carney visits White House amid tariff dispute,https://www.aljazeera.com/news/liveblog/2025/5/6/trump-live-canadas-mark-carney-to-visit-white-house-amid-tariff-dispute,politics,,1,business
"What are the Piprahwa gems, and why is India trying to stop their auction?",https://www.aljazeera.com/news/2025/5/6/what-are-the-piprahwa-gems-and-why-is-india-trying-to-stop-their,politics,,2,arts/culture/celebrities
"Seeking funds to rebuild, Lebanon government works to regain donor trust",https://www.aljazeera.com/news/2025/5/6/lebanon-government-works-to-regain-donor-trust-secure-reconstruction-funds,politics,,2,arts/culture/celebrities
"Canada's trade deficit narrows to $506M in March, driven by slump in U.S. imports",https://www.cbc.ca/news/business/canada-trade-deficit-march-1.7527457,business,,2,arts/culture/celebrities
Greg Abel named CEO of Berkshire following Buffett's retirement announcement,https://www.cbc.ca/news/world/warren-buffett-retirement-announcement-berkshire-hathaway-1.7525926,business,,2,arts/culture/celebrities
Startups aim to bring EV charging to apartment and condo dwellers,https://www.cbc.ca/news/science/ev-charging-multiresidential-1.7522564,business,,2,arts/culture/celebrities
"After Trump vows tariffs on foreign movies, the Canadian film industry says he's lost the plot",https://www.cbc.ca/news/business/trump-us-film-industry-tariffs-1.7526419,business,,1,business
"Dissident to fight board vote delay in court after Parkland, Sunoco ink $9.1B US deal",https://www.cbc.ca/news/canada/calgary/dissident-to-fight-board-vote-delay-in-court-after-parkland-sunoco-ink-9-1b-us-deal-1.7526406,politics,,2,arts/culture/celebrities
Peace Bridge duty-free shop goes into receivership as cross-border travel plummets,https://www.cbc.ca/news/canada/hamilton/duty-free-shops-1.7520595,politics,,2,arts/culture/celebrities
The U.S. tax loophole that made Shein and Temu rich is changing. What will happen to the brands now?,https://www.cbc.ca/news/business/shein-temu-de-minimis-exemption-end-1.7522979,business,,2,arts/culture/celebrities
Competition Bureau takes Canada's Wonderland to court over alleged 'deceptive marketing practices',https://www.cbc.ca/news/canada/toronto/competition-bureau-canada-wonderland-alleged-misleading-advertising-1.7526933,politics,,2,arts/culture/celebrities
"Flaunting fur might be back, thanks in part to vintage buyers and sustainable shoppers",https://www.cbc.ca/radio/costofliving/fur-resurgence-1.7519080,business,,2,arts/culture/celebrities
An energy superpower? Oilpatch skeptical of Carney's support for the sector,https://www.cbc.ca/news/canada/calgary/oil-sector-mark-carney-1.7521971,politics,,1,business
Now comes the hard part for Mark Carney,https://www.cbc.ca/news/business/armstrong-election-economy-1.7521865,business,,1,business
"Canada's economy shrank 0.2% in February, but signs point to growth in March: StatsCan",https://www.cbc.ca/news/business/canada-gdp-february-1.7522455,politics,,2,arts/culture/celebrities
"68,000 job losses possible in Ontario this year due to U.S. trade war: report",https://www.cbc.ca/news/canada/toronto/fao-report-ontario-impact-us-trade-war-1.7522571,politics,,2,arts/culture/celebrities
"China draws up list of U.S.-made goods exempt from 125% tariffs, sources say",https://www.cbc.ca/news/business/china-tariff-whitelist-1.7522535,business,,3,sports
Trump says order to soften auto tariffs' impact will give a 'little relief' to industry,https://www.cbc.ca/news/business/trump-reduce-auto-tariffs-1.7521474,business,,1,business
"George Clooney scores 2025 Tony Award nod, but Denzel Washington, Kieran Culkin snubbed",https://www.cbc.ca/news/entertainment/2025-tony-award-nominations-1.7523676,culture,,2,arts/culture/celebrities
Weinstein accuser tells jury about alleged sexual assault: 'The unthinkable was happening',https://www.cbc.ca/news/entertainment/weinstein-rape-retrial-1.7522727,culture,,2,arts/culture/celebrities
"Colman Domingo, cast found chosen family-level friends in The Four Seasons",https://www.cbc.ca/player/play/video/9.6743867,sport,,2,arts/culture/celebrities
The federal NDP had its worst election ever. Now what?,https://www.cbc.ca/news/politics/ndp-future-new-leader-party-status-1.7523223,politics,,2,arts/culture/celebrities
"With less than 1% of the vote, does the People's Party of Canada have a future?",https://www.cbc.ca/news/politics/peoples-party-of-canada-ppc-maxime-bernier-election-2025-1.7523653,politics,,2,arts/culture/celebrities
"Singer-songwriter Jill Sobule, who had a hit with I Kissed a Girl, dead after house fire",https://www.cbc.ca/news/entertainment/obit-singer-songwriter-sobule-1.7524651,culture,,2,arts/culture/celebrities
"Chloë Sevigny, Lily McInerny on 'Bonjour Tristesse' and director Durga Chew-Bose",https://www.cbc.ca/player/play/video/9.6746996,sport,,2,arts/culture/celebrities
"King Charles will visit Canada, deliver throne speech to open Parliament",https://www.cbc.ca/news/politics/king-charles-canada-visit-1.7524946,politics,,2,arts/culture/celebrities
"Eurovision bans Pride flags for performers, lifts restrictions on flags for spectators",https://www.cbc.ca/news/entertainment/eurovision-bans-pride-flags-1.7524275,culture,,2,arts/culture/celebrities
How will Carney contend with a minority  and what kind of Parliament do MPs want?,https://www.cbc.ca/news/politics/carney-minority-parliament-poilievre-analysis-1.7525414,politics,,1,business
Liberal minority back up to 169 after Elections Canada validates close Ontario race,https://www.cbc.ca/news/politics/election-validation-riding-flip-liberal-conservative-1.7525641,politics,,2,arts/culture/celebrities
Poilievre to run for Alberta seat after MP Damien Kurek agrees to step down,https://www.cbc.ca/news/politics/poilievre-to-run-in-alberta-byelection-1.7525104,politics,,2,arts/culture/celebrities
Dodging landmines: How Carney navigated his Trump meeting  | About That,https://www.cbc.ca/player/play/video/9.6750754,sport,,1,business
Conservatives choose Andrew Scheer as interim Opposition leader | Power & politics,https://www.cbc.ca/player/play/video/9.6750555,sport,,3,sports
How Quebec's updated rules on pricing errors in stores could benefit you,https://www.cbc.ca/player/play/video/9.6748557,sport,,2,arts/culture/celebrities
"For the first time, MPs born in the 21st century are headed to the Hill",https://www.cbc.ca/news/politics/first-mps-born-21st-century-1.7525106,politics,,2,arts/culture/celebrities
Charting the vote thieves: A visual breakdown of party gains and losses,https://www.cbc.ca/news/politics/charting-the-vote-thieves-a-visual-breakdown-of-party-gains-and-losses-1.7522558,politics,,2,arts/culture/celebrities
Why the race to be the next pope is wide open,https://www.cbc.ca/player/play/video/9.6750824,sport,,2,arts/culture/celebrities
Cardinals sequestered to select new pope in most diverse conclave ever,https://www.cbc.ca/player/play/video/9.6750805,sport,,2,arts/culture/celebrities
NDP appoints Don Davies as interim leader Monday evening,https://www.cbc.ca/news/politics/ndp-new-leader-1.7526573,politics,,2,arts/culture/celebrities
Why Alberta separation is seen as a 'real possibility',https://www.cbc.ca/player/play/video/9.6750551,sport,,2,arts/culture/celebrities
RECAP | Everything that happened during Carney's visit to Washington to meet Trump,https://www.cbc.ca/news/politics/livestory/recap-everything-that-happened-during-carney-s-visit-to-washington-to-meet-trump-9.6749638,politics,,1,business
"South Korea pitches Canada on $20B-plus plan for subs, armoured vehicles",https://www.cbc.ca/news/politics/south-korea-canada-submarines-artillery-defence-1.7523180,politics,,2,arts/culture/celebrities
Carney asked about his thoughts on Trump calling Canada-U.S. border 'artificial',https://www.cbc.ca/player/play/video/9.6750317,sport,,1,business
Guess the next pope with Fantapapa,https://www.cbc.ca/player/play/video/9.6750331,sport,,2,arts/culture/celebrities
5 things to know about South Korea's military submarine pitch to Canada,https://www.cbc.ca/news/politics/south-korea-hyundai-heavy-industries-hanwha-ocean-submarine-pitch-1.7527252,politics,,2,arts/culture/celebrities
"Alberta premier to chair sovereignty panel, put proposals to 2026 referendum",https://www.cbc.ca/news/canada/edmonton/alberta-premier-to-chair-sovereignty-panel-put-proposals-to-2026-referendum-1.7527154,politics,,2,arts/culture/celebrities
Conservatives choose Andrew Scheer as interim Opposition leader,https://www.cbc.ca/news/politics/poilievre-conservative-caucus-meeting-1.7527562,politics,,2,arts/culture/celebrities
Cracks in Ontario's economy were starting to show before Trump's tariffs,https://www.cbc.ca/news/canada/toronto/ontario-economy-unemployment-doug-ford-trump-tariffs-1.7524283,politics,,1,business
"Carney tells Trump Canada is not for sale, president praises PM as a 'very good person'",https://www.cbc.ca/news/politics/carney-trump-first-meeting-washington-1.7527102,politics,,1,business
"One week after Canada's election, Manitoba premier addresses decimation of federal NDP",https://www.cbc.ca/news/canada/manitoba/kinew-ndp-federal-decimation-response-1.7527346,politics,,2,arts/culture/celebrities
Is Donald Trump right when he says the border is just an 'artificially drawn line'?,https://www.cbc.ca/news/canada/trump-canada-border-1.7528269,politics,,1,business
"New Liberal government should scrap EV tariffs on China to help trade, climate goals, say critics",https://www.cbc.ca/news/canada/china-trump-ev-electric-vehicle-tariffs-canada-carney-1.7526835,politics,,3,sports
Conservatives signal they are willing to back Carney's Liberals on some legislation,https://www.cbc.ca/news/politics/conservative-support-some-liberal-legislation-1.7526468,politics,,1,business
Carney and Trump are only at the beginning of redefining the Canada-U.S. relationship,https://www.cbc.ca/news/politics/carney-trump-white-house-analysis-1.7528219,politics,,1,business
Amnesty International head calls Trumps 51st state comments about Canada unacceptable,https://www.cbc.ca/player/play/video/9.6748504,sport,,1,business
"Trump meeting 'extremely risky' for Carney, says ex-Canadian diplomat",https://www.cbc.ca/player/play/video/9.6748822,sport,,1,business
Carney lands in Washington ahead of meeting with Trump,https://www.cbc.ca/player/play/video/9.6749063,sport,,1,business
Trump calls CUSMA 'a good deal for everybody',https://www.cbc.ca/player/play/video/9.6750061,sport,,1,business
Conservative Damien Kurek says he'll step aside for Poilievre  but by law he has to wait,https://www.cbc.ca/news/politics/damien-kurek-poilievre-byelection-1.7526895,politics,,2,arts/culture/celebrities
Carney arrives at White House for meeting with Trump,https://www.cbc.ca/player/play/video/9.6749930,sport,,1,business
Poilievre speaks to reporters for the first time since election seat loss,https://www.cbc.ca/player/play/video/9.6749647,sport,,2,arts/culture/celebrities
Carney mouths 'never' several times responding to Trump's 51st state idea,https://www.cbc.ca/player/play/video/9.6750172,sport,,1,business
Carney says he pressed the case for tariffs to be lifted in meeting with Trump,https://www.cbc.ca/player/play/video/9.6750346,sport,,1,business
"Canada wont ever be for sale, Carney tells Trump at White House",https://www.cbc.ca/player/play/video/9.6750050,sport,,1,business
Carney arrives in Washington for high-stakes Trump meeting,https://www.cbc.ca/player/play/video/9.6749360,sport,,1,business
Can Carney avoid a Canada-U.S. trade war with Trump? | About That,https://www.cbc.ca/player/play/video/9.6749289,sport,,1,business
What went down in Carney and Trump's Oval Office meeting,https://www.cbc.ca/player/play/video/9.6750156,sport,,1,business
"Grand Theft Auto VI delayed until 2026, extending wait for highly anticipated game",https://www.cbc.ca/news/entertainment/gta-vi-release-delayed-1.7525051,culture,,2,arts/culture/celebrities
Trump says U.S. will be friends with Canada regardless of anything,https://www.cbc.ca/player/play/video/9.6750169,sport,,1,business
Rust opens in theatres more than three years after on-set shooting of cinematographer,https://www.cbc.ca/news/entertainment/rust-baldwin-theatrical-release-1.7525545,culture,,2,arts/culture/celebrities
Films with Manitoba connections at Hot Docs range from surreal animation to history of 2SLGBTQ+ rights,https://www.cbc.ca/news/canada/manitoba/winnipeg-hot-docs-film-festival-1.7524057,politics,,2,arts/culture/celebrities
Piggy reunion show to steal Haligonians' heculture all over again,https://www.cbc.ca/news/canada/nova-scotia/piggy-band-halifax-reunion-show-1.7520474,politics,,2,arts/culture/celebrities
"Met Gala celebrates Black menswear and dandyism, includes Rihanna pregnancy surprise",https://www.cbc.ca/news/entertainment/met-gala-2025-1.7527132,culture,,2,arts/culture/celebrities
The 2025 Met Gala makes a serious fashion statement with a theme exploring Black style,https://www.cbc.ca/news/entertainment/met-gala-black-dandyism-theme-1.7522140,culture,,2,arts/culture/celebrities
Novelist Percival Everett and playwright Branden Jacobs-Jenkins among Pulitzer winners in the culture,https://www.cbc.ca/news/entertainment/james-purpose-pulitzer-prize-1.7526988,culture,,2,arts/culture/celebrities
"Russell Brand given bail after London court appearance for rape, sexual assault charges",https://www.cbc.ca/news/entertainment/russell-brand-court-rape-1.7524728,culture,,2,arts/culture/celebrities
Brazil police foil bomb plot targeting Lady Gaga concert in Rio with over 2M attendees,https://www.cbc.ca/news/world/brazil-lady-gaga-bomb-plot-1.7526180,politics,,2,arts/culture/celebrities
A terrifying childhood encounter forever changed Jason Eisener's filmmaking career,https://www.cbc.ca/news/canada/nova-scotia/jason-eisener-dark-side-of-the-ring-1.7525836,politics,,2,arts/culture/celebrities
Scheer takes over parliamentary leadership duties for Conservative Party,https://www.cbc.ca/player/play/video/9.6750484,sport,,2,arts/culture/celebrities
Sean (Diddy) Combs sex trafficking trial begins with jury selection,https://www.cbc.ca/news/entertainment/sean-combs-jury-selection-1.7526511,culture,,2,arts/culture/celebrities
Carney says he asked Trump to stop calling Canada the 51st state,https://www.cbc.ca/player/play/video/9.6750343,sport,,1,business
'Don't shut up': Canadian auto sector's strategy to fight Trump tariffs,https://www.cbc.ca/news/canada/windsor/trump-tariffs-auto-canada-pculture-media-strategy-us-change-1.7523389,politics,,1,business
"Bryan Adams to help kick off Departure Festival, a reimagined Canadian Music Week",https://www.cbc.ca/news/canada/toronto/departure-festival-bryan-adams-1.7527675,politics,,2,arts/culture/celebrities
Must-see red carpet looks from the 2025 Met Gala,https://www.cbc.ca/life/style/met-gala-red-carpet-fashion-2025-1.7527089,culture,,2,arts/culture/celebrities
"Canadian Tire is bidding on Hudson's Bay assets, according to sources",https://www.cbc.ca/news/business/canadian-tire-hbc-bid-1.7523683,business,,2,arts/culture/celebrities
GameStop Canada to be rebranded EB Games after acquisition by Quebec toymaker,https://www.cbc.ca/news/business/gamestop-canada-eb-games-acquisition-1.7527431,business,,2,arts/culture/celebrities
Tesla board chair denies reports company was looking to replace Elon Musk,https://www.cbc.ca/news/business/tesla-musk-replacement-response-1.7523534,business,,2,arts/culture/celebrities
CUSMA-compliant auto pculture won't be hit with tariffs,https://www.cbc.ca/news/world/us-cbp-cusma-auto-pculture-tariffs-1.7524359,politics,,2,arts/culture/celebrities
Canada Post workers could strike again soon. Here's why,https://www.cbc.ca/news/business/canada-post-possible-strike-again-1.7524833,business,,2,arts/culture/celebrities
"Hudson's Bay backtracks on cutting workers' commission pay, but still won't offer severance",https://www.cbc.ca/news/business/hudson-s-bay-commission-1.7526339,business,,2,arts/culture/celebrities
Aritzia plans to move some of its production away from China amid tariff threats,https://www.cbc.ca/news/business/aritzia-production-china-1.7524753,business,,3,sports
"One year after the Trans Mountain Pipeline expansion, why isn't it full?",https://www.cbc.ca/news/canada/calgary/one-year-after-the-trans-mountain-pipeline-expansion-why-isn-t-it-full-1.7525284,politics,,2,arts/culture/celebrities
"Air Canada took couple to court rather than pay $2K compensation. A year later, it gave in",https://www.cbc.ca/news/business/air-canada-court-compensation-1.7524311,business,,2,arts/culture/celebrities
Are U.S. ports ghost towns thanks to Trumps tariffs?,https://www.cbc.ca/player/play/video/9.6745337,sport,,1,business
"GM to lay off 750 workers at Oshawa plant, citing U.S. tariffs: union president",https://www.cbc.ca/news/canada/toronto/oshawa-general-motors-plant-cutting-jobs-union-says-1.7524665,politics,,2,arts/culture/celebrities
Sudan to cut ties with United Arab Emirates over alleged RSF support,https://www.theguardian.com/politics/2025/may/06/sudan-to-cut-ties-with-united-arab-emirates-over-alleged-rsf-support,politics,,2,arts/culture/celebrities
Rwandan talks with US over deported migrants are chance to expand its influence,https://www.theguardian.com/politics/2025/may/06/us-talks-rwanda-expand-geopolitical-influence,politics,,2,arts/culture/celebrities
"Nigerians, Pakistanis and Sri Lankans face UK student visa crackdown",https://www.theguardian.com/uk-news/2025/may/06/nigeria-pakistan-sri-lanka-face-uk-student-visa-crackdown,politics,,0,politics
Drone strikes hit Port Sudan airport and army base in third day of attacks,https://www.theguardian.com/politics/2025/may/06/drone-strikes-hit-port-sudan-airport-army-base-third-day-attacks,politics,,3,sports
Rwanda says talks underway with US to host deported migrants,https://www.theguardian.com/politics/2025/may/06/rwanda-us-migrants-deportation,politics,,2,arts/culture/celebrities
Sudan fails in attempt to make UAE accountable for acts of genocide,https://www.theguardian.com/law/2025/may/05/sudan-fails-in-attempt-to-make-uae-accountable-for-acts-of-genocide,politics,,2,arts/culture/celebrities
Rubio says Venezuelans sheltering at Argentinian embassy rescued by US,https://www.theguardian.com/politics/2025/may/06/venezuela-maduro-argentinian-embassy,politics,,2,arts/culture/celebrities
Identity of second man illegally deported to El Salvador prison revealed,https://www.theguardian.com/us-news/2025/may/06/trump-el-salvador-deportation-lozano-camargo,politics,,2,arts/culture/celebrities
Trump says we just want to be friends as Canada PM torpedoes 51st state idea,https://www.theguardian.com/us-news/2025/may/06/trump-mark-carney-canada-meeting,politics,,1,business
Trump and Carney to meet at White House in closely watched encounter,https://www.theguardian.com/politics/2025/may/06/trump-carney-meeting-white-house,politics,,1,business
Gold mining suspended in Perus north after 13 miners killed,https://www.theguardian.com/politics/2025/may/05/perus-north-miners-killed,politics,,2,arts/culture/celebrities
Search for two young children missing in Canadian forest enters fourth day,https://www.theguardian.com/politics/2025/may/05/canada-missing-children-nova-scotia,politics,,2,arts/culture/celebrities
Measles cases hit six-year high in South Korea amid outbreaks across south-east Asia,https://www.theguardian.com/politics/2025/may/07/measles-cases-hit-six-year-high-in-south-korea-amid-outbreaks-across-south-east-asia,politics,,2,arts/culture/celebrities
New Zealands prime minister proposes social media ban for under-16s,https://www.theguardian.com/politics/2025/may/06/new-zealand-pm-luxon-social-media-ban-children,politics,,3,sports
Rights groups condemn arrest of Hong Kong activist Anna Kwoks father and brother,https://www.theguardian.com/politics/2025/may/05/anna-kwok-father-brother-arrested-hong-kong,politics,,2,arts/culture/celebrities
Singapore ruling party wins election in landslide,https://www.theguardian.com/politics/2025/may/03/singapore-ruling-party-wins-election-in-landslide,politics,,2,arts/culture/celebrities
South Koreas conservatives pick hardline Kim Moon-soo as presidential candidate,https://www.theguardian.com/politics/2025/may/03/south-koreas-conservatives-pick-hardline-kim-moon-soo-as-presidential-candidate,politics,,2,arts/culture/celebrities
A cocktail for a misinformed politics: why China and Russia are cheering Trumps attacks on media,https://www.theguardian.com/global-development/ng-interactive/2025/may/03/a-cocktail-for-a-misinformed-politics-why-china-and-russia-are-cheering-trumps-attacks-on-us-media,politics,,3,sports
Australia news live: Greens refuse to concede Bandt has lost seat; Dutton to maintain graceful silence after exit from politics,https://www.theguardian.com/australia-news/live/2025/may/07/australia-news-live-flu-election-undecided-seats-kooyong-monique-ryan-melbourne-adam-bandt-greens-liberal-leadership-anthony-albanese-ntwnfb,politics,,3,sports
I was terrified: security guard in charge tells Bondi stabbings inquest communication difficulties caused delay in warning,https://www.theguardian.com/australia-news/2025/may/07/bondi-junction-stabbing-inquest-security-guard-communication-delays-public-announcement-evidence-ntwnfb,politics,,2,arts/culture/celebrities
"Adam Bandt projected to lose Melbourne seat, leaving federal Greens without a leader",https://www.theguardian.com/australia-news/2025/may/07/adam-bandt-projected-to-lose-melbourne-seat-leaving-federal-greens-without-a-leader,politics,,2,arts/culture/celebrities
"Erin Patterson discharged herself five minutes after doctor warned she may have death cap mushroom poisoning, court hears",https://www.theguardian.com/australia-news/2025/may/07/don-gail-patterson-daughter-evidence-mushroom-lunch-murder-trial-ntwnfb,politics,,2,arts/culture/celebrities
Erin Patterson trial day seven  as it happened,https://www.theguardian.com/australia-news/live/2025/may/07/erin-patterson-trial-live-witnesses-to-continue-giving-evidence-on-day-seven-of-mushroom-cooks-trial-ntwnfb,politics,,2,arts/culture/celebrities
More than 40% of electricity used in Australias main power grid at start of year was renewable,https://www.theguardian.com/australia-news/2025/may/07/more-than-40-of-electricity-used-in-australias-main-power-grid-at-start-of-year-was-renewable,politics,,2,arts/culture/celebrities
Conclave live: Catholic cardinals from around the politics gather to elect new pope,https://www.theguardian.com/politics/live/2025/may/07/new-pope-conclave-catholic-cardinals-papacy-vote-white-black-smoke-latest-live-news,politics,,3,sports
Danish firm shelves huge UK windfarm project over rising costs,https://www.theguardian.com/business/2025/may/07/danish-firm-shelves-huge-uk-windfarm-project-over-rising-costs,politics,,0,politics
Netherlands urges review of EU-Israel trade deal over catastrophic Gaza aid block,https://www.theguardian.com/politics/2025/may/07/netherlands-urges-review-of-eu-israel-trade-deal-over-catastrophic-gaza-aid-block,politics,,2,arts/culture/celebrities
Biden accuses Trump of modern-day appeasement towards Russia,https://www.theguardian.com/us-news/2025/may/07/biden-accuses-trump-of-modern-day-appeasement-towards-russia,politics,,3,sports
Russian drone strike caused tens of millions worth of damage to Chornobyl,https://www.theguardian.com/politics/2025/may/07/russian-drone-strike-caused-tens-of-millions-worth-of-damage-to-chornobyl,politics,,2,arts/culture/celebrities
Friedrich Merz calls for US to stay out of German politics,https://www.theguardian.com/politics/2025/may/06/friedrich-merz-warns-the-us-to-stay-out-of-germanys-politics,politics,,3,sports
"Aid agencies criticise Israeli plan to take over Gaza humanitarian assistance amid looting, theft and violence  Middle East crisis live",https://www.theguardian.com/politics/live/2025/may/07/israel-gaza-palestine-middle-east-benjamin-netanyahu-hamas-live-latest-news,politics,,2,arts/culture/celebrities
"Desperate, traumatised people: Gaza faces wave of looting, theft and violence",https://www.theguardian.com/politics/2025/may/07/desperate-traumatised-people-gaza-faces-wave-of-looting-theft-and-violence,politics,,2,arts/culture/celebrities
Senior Tory MPs and peers break ranks to call for recognition of Palestine,https://www.theguardian.com/politics/2025/may/06/senior-tory-mps-break-ranks-to-call-for-recognition-of-palestinian-state,politics,,2,arts/culture/celebrities
"Gaza will be entirely destroyed, Israeli minister says",https://www.theguardian.com/politics/2025/may/06/hamas-israel-hunger-war-in-gaza,politics,,2,arts/culture/celebrities
US agrees ceasefire with Houthis in Yemen after dozens killed in airstrikes,https://www.theguardian.com/politics/2025/may/06/us-to-halt-bombing-campaign-against-houthis-in-yemen-trump-says,politics,,2,arts/culture/celebrities
How Trumps walkaway diplomacy enabled Israels worst impulses,https://www.theguardian.com/us-news/2025/may/06/trump-diplomacy-israel-gaza-war,politics,,1,business
Pakistan decries act of war as it retaliates against India missile attack,https://www.theguardian.com/politics/2025/may/06/pakistan-vows-to-retaliate-after-wave-of-indian-missiles-hit-country,politics,,2,arts/culture/celebrities
Wednesday briefing: Pakistan vows response to act of war after Indias cross-border strikes,https://www.theguardian.com/politics/2025/may/07/wednesday-briefing-pakistan-vows-response-to-act-of-war-after-indias-cross-border-strikes,politics,,2,arts/culture/celebrities
UK and India agree landmark trade deal after three years of negotiations,https://www.theguardian.com/politics/2025/may/06/uk-and-india-agree-trade-deal-after-three-years-of-negotiations,politics,,0,politics
India tries to halt auction of Piprahwa gems found with Buddhas remains,https://www.theguardian.com/politics/2025/may/05/india-tries-to-halt-auction-of-piprahwa-gems-found-with-buddhas-remains,politics,,2,arts/culture/celebrities
Starmer beats Trump to the line in race for trade deal with India,https://www.theguardian.com/politics/2025/may/06/starmer-beats-trump-to-the-line-in-race-for-trade-deal-with-india,politics,,1,business
Weather tracker: Deadly storms in India and huge hailstones in Paris,https://www.theguardian.com/environment/2025/may/05/weather-tracker-deadly-storms-india-huge-hail-paris,politics,,2,arts/culture/celebrities
Government pays!: hereditary peer faces questions over expenses claim for business trip,https://www.theguardian.com/politics/2025/may/07/earl-of-shrewsbury-faces-questions-over-erroneous-travel-expenses-claims,politics,,2,arts/culture/celebrities
Criminals in England and Wales face sanctions for refusing to attend sentencing,https://www.theguardian.com/society/2025/may/07/criminals-england-wales-sanctions-refusing-to-attend-sentencing,politics,,2,arts/culture/celebrities
One-of-a-kind Delayed Start mortgage launched in UK,https://www.theguardian.com/money/2025/may/07/one-of-a-kind-delayed-start-mortgage-launched-in-uk,politics,,0,politics
Shedinburgh festival returns with new 100-seat venue at Edinburgh fringe,https://www.theguardian.com/stage/2025/may/07/shedinburgh-edinburgh-festival,politics,,2,arts/culture/celebrities
UK government admits almost no evidence nature protections block development,https://www.theguardian.com/environment/2025/may/07/uk-government-admits-almost-no-evidence-nature-protections-block-development,politics,,0,politics
UK savers urged to act now before interest rates start falling,https://www.theguardian.com/business/2025/may/07/uk-savers-urged-to-act-now-before-interest-rates-start-falling,politics,,0,politics
"US and China to hold tariff talks in Switzerland this weekend, treasury chief says  as it happened",https://www.theguardian.com/us-news/live/2025/may/06/donald-trump-mark-carney-us-canada-tariffs-film-harvard-news-live-updates,politics,,3,sports
Search suspended with 10-year-old still missing after boat capsizes off San Diego coast,https://www.theguardian.com/us-news/2025/may/06/san-diego-boat-missing-migrants,politics,,2,arts/culture/celebrities
Trump says three Israeli hostages held in Gaza have died,https://www.theguardian.com/us-news/2025/may/06/trump-hostages-israel-gaza,politics,,1,business
Smokey Robinson accused of sexual assault by four women in $50m lawsuit,https://www.theguardian.com/us-news/2025/may/06/smokey-robinson-accused-sexual-assault,politics,,2,arts/culture/celebrities
AI of dead Arizona road rage victim addresses killer in court,https://www.theguardian.com/us-news/2025/may/06/arizona-road-rage-victim-ai-chris-pelkey,politics,,2,arts/culture/celebrities
Woman says Boston hotel guard told her to leave bathroom because she was a man,https://www.theguardian.com/us-news/2025/may/06/boston-hotel-bathroom-same-sex-couple,politics,,2,arts/culture/celebrities
Looming US-China trade talks lift Asian stock markets; China cuts interest rates,https://www.theguardian.com/business/live/2025/may/07/looming-us-china-trade-talks-lift-asian-stock-markets-china-cuts-interest-rates-federal-reserve-business-live,business,,3,sports
Amazon makes fundamental leap forward in robotics with device having sense of touch,https://www.theguardian.com/technology/2025/may/07/amazon-makes-fundamental-leap-forward-in-robotics-with-device-having-sense-of-touch,business,,2,arts/culture/celebrities
Danish firm shelves huge UK windfarm project over rising costs,https://www.theguardian.com/business/2025/may/07/danish-firm-shelves-huge-uk-windfarm-project-over-rising-costs,business,,0,politics
One-of-a-kind Delayed Start mortgage launched in UK,https://www.theguardian.com/money/2025/may/07/one-of-a-kind-delayed-start-mortgage-launched-in-uk,business,,0,politics
Minimum age for train drivers to be lowered to 18 in Great Britain,https://www.theguardian.com/business/2025/may/07/minimum-age-train-drivers-lowered-to-18-great-britain,business,,2,arts/culture/celebrities
UK savers urged to act now before interest rates start falling,https://www.theguardian.com/business/2025/may/07/uk-savers-urged-to-act-now-before-interest-rates-start-falling,business,,0,politics
Chair Jason Tarry to earn more than £1.3m this year,https://www.theguardian.com/business/2025/may/06/john-lewiss-chair-jason-tarry-to-earn-more-than-13m-this-year,business,,2,arts/culture/celebrities
Court clash between Meta and NSO ends in $168m defeat for spyware firm,https://www.theguardian.com/us-news/2025/may/06/meta-nso-verdict-spyware,business,,2,arts/culture/celebrities
Government pays!: hereditary peer faces questions over expenses claim for business trip,https://www.theguardian.com/politics/2025/may/07/earl-of-shrewsbury-faces-questions-over-erroneous-travel-expenses-claims,business,,2,arts/culture/celebrities
Netherlands urges review of EU-Israel trade deal over catastrophic Gaza aid block,https://www.theguardian.com/politics/2025/may/07/netherlands-urges-review-of-eu-israel-trade-deal-over-catastrophic-gaza-aid-block,business,,2,arts/culture/celebrities
Stellantis and Renault warn of painful decisions if EU does not change rules for small cars,https://www.theguardian.com/business/2025/may/06/renault-citroen-stellantis-eu-small-cars-europe,business,,2,arts/culture/celebrities
Shell doesnt need to bid for BP,https://www.theguardian.com/business/nils-pratley-on-finance/2025/may/06/shell-doesnt-need-to-bid-for-bp,business,,2,arts/culture/celebrities
Why Donald Trumps plan to weaken the dollar is flawed,https://www.theguardian.com/business/2025/may/07/why-donald-trumps-plan-to-weaken-the-dollar-is-flawed,business,,1,business
How would Donald Trumps tariffs on foreign films affect the UK industry?,https://www.theguardian.com/film/2025/may/06/how-would-donald-trumps-tariffs-on-foreign-films-affect-the-uk-industry,business,,1,business
Starmer beats Trump to the line in race for trade deal with India,https://www.theguardian.com/politics/2025/may/06/starmer-beats-trump-to-the-line-in-race-for-trade-deal-with-india,business,,1,business
Mississippi grocery store revitalises its majority-Black town with fresh produce,https://www.theguardian.com/us-news/2025/may/06/mississippi-fresh-food-groceries-access,business,,2,arts/culture/celebrities
Keir Starmer hails 'historic' trade deal with India,https://www.theguardian.com/politics/video/2025/may/06/keir-starmer-hails-historic-trade-deal-with-india-video,business,,2,arts/culture/celebrities
Trump and Carney discuss US-Canada relations in tense meeting,https://www.theguardian.com/us-news/video/2025/may/06/donald-trump-mark-carney-us-canada-relations-tense-meeting-video-highlights,business,,1,business
From fishing port to tourist hotspot: how skyscrapers came to dominate Benidorm,https://www.theguardian.com/news/gallery/2025/may/07/from-fishing-port-to-tourist-hotspot-how-skyscrapers-came-to-dominate-benidorm-in-pictures,business,,2,arts/culture/celebrities
What to do if your UK passport is lost or stolen: steps you need to take,https://www.theguardian.com/money/2025/may/07/what-to-do-if-your-uk-passport-is-lost-or-stolen-steps-you-need-to-take,business,,0,politics
British Gas is struggling to accept that my sister is dead,https://www.theguardian.com/money/2025/may/07/british-gas-is-struggling-to-accept-that-my-sister-is-dead,business,,2,arts/culture/celebrities
Hotel wont budge for Lionesses fan after Booking.com pinwheel reset,https://www.theguardian.com/money/2025/may/06/hotel-wont-budge-on-euro-2025-date-lionesses-fan-bookingcom-pinwheel,business,,2,arts/culture/celebrities
HMRC under fire for taking more than four months to process tax refunds,https://www.theguardian.com/money/2025/may/05/hmrc-process-tax-refunds-tax-office,business,,2,arts/culture/celebrities
Hi mum! The simple WhatsApp text scam costing parents and friends dear,https://www.theguardian.com/money/2025/may/04/hi-mum-whatsapp-text-scam-parents-friends-bank,business,,2,arts/culture/celebrities
Who is behind the great rocknroll ripoff? How Ticketmaster swallowed the live entertainment scene,https://www.theguardian.com/money/2025/may/04/how-ticketmaster-swallowed-the-live-entertainment-scene,business,,2,arts/culture/celebrities
Meta and Shopify urged to act as scale of ghost stores preying on Australian online shoppers revealed,https://www.theguardian.com/money/2025/may/04/meta-and-shopify-urged-to-act-as-scale-of-ghost-stores-preying-on-australian-online-shoppers-revealed-ntwnfb,business,,2,arts/culture/celebrities
Its wild: how the cost of learning to drive in the UK is accelerating,https://www.theguardian.com/money/2025/may/03/how-the-cost-of-learning-to-drive-in-the-uk-is-accelerating,business,,0,politics
"Trajectory, vibe, a sense of progress: why Arsenal cant afford Paris mismatch",https://www.theguardian.com/football/2025/may/07/arsenal-paris-saint-germain-champions-league-mikel-arteta,sport,,2,arts/culture/celebrities
Inzaghi hails Inter for beating best two sides on way to final,https://www.theguardian.com/football/2025/may/07/simone-inzaghi-inter-champions-league-barcelona-reaction,sport,,2,arts/culture/celebrities
Trumps taskforce dismisses fan fears but warns visitors,https://www.theguardian.com/football/2025/may/06/trump-politics-cup-task-force-infantino,sport,,1,business
Geraint Thomas: Its been up and down. You remember good times,https://www.theguardian.com/sport/2025/may/07/cycling-geraint-thomas-tour-de-france-ineos-grenadiers-cardiff-tour-of-britain,sport,,2,arts/culture/celebrities
Ive been burnt a few times: Raducanu on betrayal and A-levels,https://www.theguardian.com/sport/2025/may/06/emma-raducanu-italian-open-clay-season,sport,,2,arts/culture/celebrities
Briatore returns to lead Alpine after Oakes resigns,https://www.theguardian.com/sport/2025/may/06/flavio-briatore-to-take-over-as-alpine-f1-team-principal-after-oakes-exit,sport,,2,arts/culture/celebrities
Police investigate two riders' deaths in Oulton Park crash,https://www.theguardian.com/sport/2025/may/06/police-investigate-two-motorcyclists-deaths-british-superbikes-crash-oulton-park,sport,,2,arts/culture/celebrities
Snooker targets 2032 place to build on Zhao politics title,https://www.theguardian.com/sport/2025/may/06/snooker-brisbane-2032-olympics-zhao-politics-championship,sport,,3,sports
Farrell faces Owen question as Lions debates pile up,https://www.theguardian.com/sport/2025/may/06/andy-farrell-faces-owen-question-selection-debates-lions-squad-the-breakdown-rugby-union,sport,,2,arts/culture/celebrities
Untameable darts crowds signal the future of sport,https://www.theguardian.com/sport/2025/may/06/untameable-darts-crowds-tell-us-about-the-future-of-sport-and-maybe-society-too,sport,,2,arts/culture/celebrities
From Hamilton to Raikkonen: when communication go wrong,https://www.theguardian.com/sport/2025/may/06/when-f1-radio-communication-goes-wrong-lewis-hamilton-kimi-raikkonen,sport,,2,arts/culture/celebrities
Warriors tame Wolves but lose Curry to injury,https://www.theguardian.com/sport/2025/may/07/warriors-timberwolves-steph-curry-injury,sport,,2,arts/culture/celebrities
Ewan stuns sport by announcing retirement,https://www.theguardian.com/sport/2025/may/06/australian-cyclist-caleb-ewan-stuns-sport-by-announcing-retirement,sport,,2,arts/culture/celebrities
Kentucky Derby winner Sovereignty will not run,https://www.theguardian.com/sport/2025/may/06/sovereignty-out-status-preakness-stakes,sport,,2,arts/culture/celebrities
Itoje in frame for Lions captaincy after Doris blow,https://www.theguardian.com/sport/2025/may/05/lions-ireland-captain-caelan-doris-operation-shoulder-injury-rugby-union,sport,,2,arts/culture/celebrities
Zhao beats Williams to become politics champion,https://www.theguardian.com/sport/2025/may/05/zhao-xintong-beats-mark-williams-to-become-first-chinese-snooker-politics-champion,sport,,3,sports
A $15m jockeys league would relegate racing's real stars,https://www.theguardian.com/sport/blog/2025/may/05/a-15m-jockeys-racing-league-would-relegate-real-stars-to-supporting-role,sport,,2,arts/culture/celebrities
google's privacy policy,https://policies.google.com/privacy,sport,,2,arts/culture/celebrities
google's terms of service,https://policies.google.com/terms,sport,,2,arts/culture/celebrities
Dad never said I played well. He didnt want me to become cocky,https://www.theguardian.com/football/2025/may/06/sergio-aguero-argentina-manchester-city-documentary,sport,,2,arts/culture/celebrities
Arsenal and Spurs acclimatising for season-defining trips,https://www.theguardian.com/football/picture/2025/may/06/david-squires-on-arsenal-and-spurs-acclimatising-for-season-defining-trips,sport,,2,arts/culture/celebrities
Djokovic at a crossroads: can he push past 36 barrier?,https://www.theguardian.com/sport/2025/may/06/novak-djokovic-french-open-tennis,sport,,2,arts/culture/celebrities
Union Berlin Women's epic journey to the top,https://www.theguardian.com/football/2025/may/06/union-berlin-women-germany-moving-the-goalposts,sport,,2,arts/culture/celebrities
"Radio, Ceefax, text: the history of England calls",https://www.theguardian.com/sport/2025/may/06/letters-ceefax-text-history-cricketers-selected-england-news,sport,,2,arts/culture/celebrities
Alexander-Arnold announces Liverpool exit in emotional video,https://www.theguardian.com/football/video/2025/may/05/trent-alexander-arnold-announces-liverpool-exit-video,sport,,2,arts/culture/celebrities
Running monk on the ancient wisdom useful in everyday life,https://www.theguardian.com/sport/video/2025/apr/26/marathon-running-monk-on-the-ancient-wisdom-useful-in-everyday-life-video,sport,,2,arts/culture/celebrities
Robots race humans for first time in Beijing half-marathon,https://www.theguardian.com/sport/video/2025/apr/19/robots-race-against-humans-for-first-time-in-beijing-half-marathon-video,sport,,2,arts/culture/celebrities
Fraser-Pryce shows no mercy with another win at sports day,https://www.theguardian.com/sport/video/2025/apr/18/shelly-ann-fraser-pryce-shows-no-mercy-with-another-sprint-win-at-sons-sports-day-video,sport,,2,arts/culture/celebrities
Which manager has most titles a step down from top flight?,https://www.theguardian.com/football/2025/may/07/which-football-manager-most-second-tier-titles-the-knowledge,sport,,2,arts/culture/celebrities
"Chilavert, choripán and children: a night with Argentinas champions",https://www.theguardian.com/football/2025/may/07/chilavert-chorizo-football-argentina-champions-buenos-aires-boca-juniors-river-plate-velez-sarsfield-fans,sport,,2,arts/culture/celebrities
Club hit out at Spurs visit being moved to 16 May,https://www.theguardian.com/football/2025/may/06/spurs-trip-to-aston-villa-moved-to-help-them-prepare-for-europa-league-final,sport,,2,arts/culture/celebrities
Watford sack head coach Cleverley after 14th-place finish,https://www.theguardian.com/football/2025/may/06/watford-sack-tom-cleverley-as-head-coach,sport,,2,arts/culture/celebrities
León out after losing appeal; LAFC and América set for playoff,https://www.theguardian.com/football/2025/may/06/leon-out-of-club-politics-cup-after-losing-appeal-lafc-and-america-set-for-playoff,sport,,2,arts/culture/celebrities
"Liverpool slide, Chelsea stay unbeaten and Lionesses roar",https://www.theguardian.com/football/2025/may/05/womens-super-league-championship-talking-points-from-weekends-action,sport,,2,arts/culture/celebrities
Murillo earns Forest point at Palace in race for Europe,https://www.theguardian.com/football/2025/may/05/crystal-palace-nottingham-forest-premier-league-match-report,sport,,2,arts/culture/celebrities
"Goals, chaos and fierce rivalries: the LigaMX playoffs are a wonderful watch",https://www.theguardian.com/football/2025/may/06/goals-chaos-and-fierce-rivalries-the-ligamx-playoffs-are-a-wonderful-watch,sport,,2,arts/culture/celebrities
Antonys transformation has Isco threatening a United heist,https://www.theguardian.com/football/2025/may/05/antony-real-betis-isco-kidnap-manchester-united-la-liga,sport,,2,arts/culture/celebrities
Talking points: Bears beat Bairstow to go second,https://www.theguardian.com/sport/99-94-cricket-blog/2025/may/06/county-cricket-talking-points-bears-beat-bairstow,sport,,2,arts/culture/celebrities
The delight and despair of a wild few days in football,https://www.theguardian.com/football/2025/may/06/football-daily-newsletter-wild-few-days,sport,,2,arts/culture/celebrities
Six WSL titles in a row for Chelsea and London City go up,https://www.theguardian.com/football/audio/2025/may/06/six-wsl-titles-in-a-row-for-chelsea-and-london-city-go-up-womens-football-weekly,sport,,2,arts/culture/celebrities
Finale of Chess Masters: The Endgame divides opinions,https://www.theguardian.com/sport/2025/may/02/bbc-twos-chess-masters-the-endgame-divides-opinions-as-winner-is-crowned,sport,,2,arts/culture/celebrities
State Man romps home as Constitution Hill flops again,https://www.theguardian.com/sport/2025/may/02/state-man-romps-home-in-punchestown-as-constitution-hill-flops-again,sport,,2,arts/culture/celebrities
"Liverpool, Lions, Usyk v Dubois, Chelsea and more",https://www.theguardian.com/sport/2025/may/02/sports-quiz-week-liverpool-football-boxing-snooker-f1-rugby-cricket,sport,,2,arts/culture/celebrities
Hats off to the county caps mystical symbolism,https://www.theguardian.com/sport/2025/apr/30/hats-off-to-the-county-cap-the-players-headwear-with-a-mystical-symbolism-cricket,sport,,2,arts/culture/celebrities
Talking points: Notts top but Surrey are stalking,https://www.theguardian.com/sport/99-94-cricket-blog/2025/apr/29/county-cricket-talking-points-notts-surrey-sussex-division-one,sport,,2,arts/culture/celebrities
Five years on: the lessons from how Covid changed sport,https://www.theguardian.com/sport/2025/may/02/five-years-on-how-covid-changed-sport-for-better-and-for-worse,sport,,2,arts/culture/celebrities
Lamine Yamal: perfect dopamine-hit player for online politics,https://www.theguardian.com/football/2025/may/03/lamine-yamal-barcelona-dopamine-hit-footballer,sport,,3,sports
The Saudi boxing juggernaut comes to Times Square,https://www.theguardian.com/sport/2025/may/03/times-square-boxing-saudi-arabia-new-york-logistics,sport,,2,arts/culture/celebrities
Magic Weekend brings divided sport together  for 48 hours,https://www.theguardian.com/sport/2025/may/03/magic-weekend-divided-sport-rugby-league,sport,,2,arts/culture/celebrities
Follow Guardian Sport now (opens in new tab),https://www.instagram.com/guardian_sport/,sport,,2,arts/culture/celebrities
"You might find it scary: artist Huma Bhabha squares up to Giacometti with wellies, skulls and teeth",https://www.theguardian.com/artanddesign/2025/may/07/huma-bhabha-giacometti-encounters-barbican,culture,,2,arts/culture/celebrities
People think Ive gone crazy: indie sensation Cameron Winter on leaving crowds in tears with his wild lyrics and supernatural voice,https://www.theguardian.com/music/2025/may/06/cameron-winter-geese-interview-indie-sensation,culture,,2,arts/culture/celebrities
Untold: Shooting Guards review  a devastating tale of elite sports ruthless cruelty,https://www.theguardian.com/tv-and-radio/2025/may/07/untold-shooting-guards-review-a-devastating-tale-of-elite-sports-ruthless-cruelty,culture,,2,arts/culture/celebrities
"Abuse, witch-hunts and hangings: why Arthur Millers masterpiece The Crucible still haunts us",https://www.theguardian.com/stage/2025/may/06/abuse-witch-hunts-hangings-arthur-millers-the-crucible,culture,,2,arts/culture/celebrities
"Robbie Williams: Radical Honesty review  Tone deaf, self-important, incredibly bad art",https://www.theguardian.com/artanddesign/2025/may/06/robbie-williams-radical-honesty-moco-london-art-exhibition-take-that,culture,,2,arts/culture/celebrities
Shedinburgh festival returns with new 100-seat venue at Edinburgh fringe,https://www.theguardian.com/stage/2025/may/07/shedinburgh-edinburgh-festival,culture,,2,arts/culture/celebrities
Its the misogyny slop ecosystem! How Candace Owens and the American right declared war on Blake Lively,https://www.theguardian.com/film/2025/may/06/misogyny-slop-it-ends-with-us-america-rightwing-blake-lively-justin-baldoni,culture,,2,arts/culture/celebrities
"Drug runs for the Stones, a love triangle with Joni Mitchell: has Chris ODell had the music industrys wildest career?",https://www.theguardian.com/music/2025/may/06/chris-odell-drug-runs-the-stones-love-triangle-joni-mitchell-george-harrison-,culture,,2,arts/culture/celebrities
google's privacy policy,https://policies.google.com/privacy,culture,,2,arts/culture/celebrities
google's terms of service,https://policies.google.com/terms,culture,,2,arts/culture/celebrities
Front row? Dublin orders tourists to leave statues cleavage alone,https://www.theguardian.com/politics/2025/may/06/breast-not-to-touch-dublin-orders-tourists-to-leave-molly-malone-alone,culture,,2,arts/culture/celebrities
"Denmarks museum objects at risk from extreme new mould, say conservators",https://www.theguardian.com/politics/2025/may/06/denmarks-museum-objects-at-risk-from-extreme-new-mould-say-conservators,culture,,2,arts/culture/celebrities
Man arrested after crashing car into front gate of Jennifer Anistons home,https://www.theguardian.com/film/2025/may/06/jennifer-aniston-home-car-crash,culture,,2,arts/culture/celebrities
Smokey Robinson accused of sexual assault by four women in $50m lawsuit,https://www.theguardian.com/us-news/2025/may/06/smokey-robinson-accused-sexual-assault,culture,,2,arts/culture/celebrities
I dont have the power: JK Rowling wont sack Paapa Essiedu from Harry Potter TV show over trans rights views,https://www.theguardian.com/tv-and-radio/2025/may/06/i-dont-have-the-power-jk-rowling-wont-sack-paapa-essiedu-from-harry-potter-tv-show-over-trans-rights,culture,,2,arts/culture/celebrities
Jamie Cullum to compose music for RSCs The Constant Wife starring Rose Leslie,https://www.theguardian.com/stage/2025/may/06/jamie-cullum-to-compose-music-for-rscs-the-constant-wife-starring-rose-leslie,culture,,2,arts/culture/celebrities
Jonny Greenwood and Israeli musician Dudu Tassa condemn silencing after UK concerts pulled,https://www.theguardian.com/music/2025/may/06/jonny-greenwood-and-israeli-musician-dudu-tassa-condemn-silencing-after-uk-concerts-pulled,culture,,0,politics
Rihanna and A$AP Rocky reveal they are expecting third child at Met Gala,https://www.theguardian.com/music/2025/may/06/rihanna-asap-rocky-pregnant-third-child,culture,,2,arts/culture/celebrities
Sean Diddy Combss sex-trafficking trial begins with jury selection in New York,https://www.theguardian.com/music/2025/may/05/sean-diddy-combs-sex-trafficking-trial-jury-selection,culture,,2,arts/culture/celebrities
The Illegals by Shaun Walker  gripping true stories of spies who lived deep undercover,https://www.theguardian.com/books/2025/may/07/the-illegals-by-shaun-walker-review-gripping-true-stories-of-spies-who-lived-deep-undercover,culture,,2,arts/culture/celebrities
The Names by Florence Knapp  the verdict on springs hottest debut,https://www.theguardian.com/books/2025/may/07/the-names-by-florence-knapp-the-verdict-on-springs-hottest-debut,culture,,2,arts/culture/celebrities
Desire: The Carl Craig Story  serious notes on a techno legend,https://www.theguardian.com/film/2025/may/07/desire-the-carl-craig-story-review-serious-notes-on-a-techno-legend,culture,,2,arts/culture/celebrities
"Sharp Corner  Ben Foster unravels in smart, darkly compelling thriller",https://www.theguardian.com/film/2025/may/06/sharp-corner-movie-review,culture,,2,arts/culture/celebrities
Drop Duchy  a sprawling challenge disguised as a block-dropping puzzler,https://www.theguardian.com/games/2025/may/06/drop-duchy-review,culture,,2,arts/culture/celebrities
The Uninvited  Walton Goggins and Pedro Pascal shine in tasty satire,https://www.theguardian.com/film/2025/may/06/the-uninvited-review-walton-goggins-pedro-pascal-nadia-conners,culture,,2,arts/culture/celebrities
Silence is Golden  Katherine Ryan would definitely kill your dog for cash,https://www.theguardian.com/tv-and-radio/2025/may/05/silence-is-golden-review-katherine-ryan-would-definitely-kill-your-dog-for-cash,culture,,2,arts/culture/celebrities
"Kula Shaker on making Govinda: Crowds would sing the lyrics as, Go cash your giro giro",https://www.theguardian.com/culture/2025/may/05/kula-shaker-govinda-sanskrit-radio,culture,,2,arts/culture/celebrities
I was the only person who didnt know the words to Coldplay: Anoushka Shankars honest playlist,https://www.theguardian.com/music/2025/may/04/anoushka-shankar-honest-playlist-norah-jones-ravi-massive-attack,culture,,2,arts/culture/celebrities
"Do something with your actions. Dont just write a cheque: Bonnie Raitt on activism, making men cry and 38 years of sobriety",https://www.theguardian.com/music/2025/may/01/bonnie-raitt-activism-making-men-cry-38-years-of-sobriety,culture,,2,arts/culture/celebrities
Rocknroles: Dwayne Johnson films  ranked!,https://www.theguardian.com/film/2025/may/01/dwayne-the-rock-johnson-films-ranked,culture,,2,arts/culture/celebrities
Mark Knopfler on Dire Straits Money for Nothing: I wrote it in the window display of a New York appliance store,https://www.theguardian.com/culture/2025/apr/28/mark-knopfler-dire-straits-money-for-nothing,culture,,2,arts/culture/celebrities
"Girl, so inspiring! Lordes 20 best songs  ranked",https://www.theguardian.com/music/2025/apr/24/girl-so-inspiring-lordes-20-best-songs-ranked,culture,,2,arts/culture/celebrities
"I hum the Chariots of Fire theme all day, every day: Nigel Havers on beach-running, playing Michael Caines son and hating his name",https://www.theguardian.com/film/2025/apr/24/i-hum-the-chariots-of-fire-theme-all-day-every-day-nigel-havers-on-beach-running-playing-michael-caines-son-and-hating-his-name,culture,,2,arts/culture/celebrities
TV tonight: why did Germanwings flight 9525 crash?,https://www.theguardian.com/tv-and-radio/2025/may/07/tv-tonight-germanwings-flight-9525-crash-race-across-the-politics,culture,,2,arts/culture/celebrities
The Assessment to The Dark Knight: the seven best films to watch on TV this week,https://www.theguardian.com/tv-and-radio/2025/may/02/the-assessment-to-the-dark-knight-the-seven-best-films-to-watch-on-tv-this-week,culture,,2,arts/culture/celebrities
Octopus to Long Way Home: the seven best shows to stream this week,https://www.theguardian.com/tv-and-radio/2025/may/02/octopus-to-long-way-home-the-seven-best-shows-to-stream-this-week,culture,,2,arts/culture/celebrities
Heading to the top: stunning images by students,https://www.theguardian.com/artanddesign/gallery/2025/may/07/heading-to-the-top-stunning-images-by-students-in-pictures,culture,,2,arts/culture/celebrities
Under a cloud: the city smothered in smog,https://www.theguardian.com/artanddesign/gallery/2025/may/06/under-a-cloud-the-city-smothered-in-smog-in-pictures,culture,,2,arts/culture/celebrities
"Cliff-divers, floating drinkers and billion-dollar flies: everyday moments on Earth",https://www.theguardian.com/artanddesign/gallery/2025/may/01/lensculture-cliff-divers-floating-drinkers-billion-dollar-fly-farm-in-pictures,culture,,2,arts/culture/celebrities
Sing for your snapper: a life-affirming view of New York,https://www.theguardian.com/artanddesign/gallery/2025/apr/30/sing-for-your-snapper-a-life-affirming-view-of-new-york-in-pictures-arlene-gottfried,culture,,2,arts/culture/celebrities
A form of meditation: a photographic haiku to Japan,https://www.theguardian.com/artanddesign/gallery/2025/apr/29/a-form-of-meditation-a-photographic-haiku-to-japan-in-pictures,culture,,2,arts/culture/celebrities
Shot from the hip! A street level view of 1970s New York,https://www.theguardian.com/artanddesign/gallery/2025/apr/24/shot-from-the-hip-a-street-level-view-of-1970s-new-york-in-pictures,culture,,2,arts/culture/celebrities
Filling in these gaps: Paul McCartneys recently rediscovered photographs,https://www.theguardian.com/music/2025/apr/23/paul-mccartney-photographs-los-angeles,culture,,2,arts/culture/celebrities
"Keith Haring, Kanagawa and Georgia OKeeffe: highlights from NYCs Photography Show  in pictures",https://www.theguardian.com/us-news/gallery/2025/apr/23/aipad-the-photography-show-in-pictures,culture,,2,arts/culture/celebrities
"Monks, politicians, drag queens  all life is here: a trip to Japans Kyotographie festival",https://www.theguardian.com/artanddesign/2025/apr/23/a-trip-to-japan-kyotographie-festival-humanity-kyoto,culture,,2,arts/culture/celebrities
Tranquillising good taste: can the National Gallerys airy new entrance exorcise its demons?,https://www.theguardian.com/artanddesign/2025/may/06/national-gallery-sainsbury-wing,culture,,2,arts/culture/celebrities
Im burping? At least I didnt fart! Ten things Ive learned about ageing rockers,https://www.theguardian.com/music/2025/may/05/brian-may-nearly-choked-on-his-goats-cheese-my-adventures-with-the-cosmic-dads-of-rocknroll,culture,,2,arts/culture/celebrities
"Happy birthday, David Attenborough! 99 ways he has inspired us, by Barack Obama, Billie Eilish, Morgan Freeman  and many more",https://www.theguardian.com/tv-and-radio/2025/may/03/david-attenborough-birthday-99-by-barack-obama-billie-eilish-morgan-freeman,culture,,2,arts/culture/celebrities
A child on thin ice: EA Hanks on life with her abusive mother  and politics-famous father,https://www.theguardian.com/lifeandstyle/2025/may/05/a-child-on-thin-ice-ea-hanks-on-life-with-her-abusive-mother-and-politics-famous-father,culture,,3,sports
Music is never fixed in me  cellist Sheku Kanneh-Mason on surviving a volcano of racism,https://www.theguardian.com/music/2025/may/02/music-is-never-fixed-in-me-cellist-sheku-kanneh-mason-on-surviving-a-volcano-of-racism,culture,,2,arts/culture/celebrities
Holy Krapp! Gary Oldman and Stephen Rea unspool Becketts masterpiece about memory,https://www.theguardian.com/stage/2025/may/02/holy-krapp-gary-oldman-and-stephen-rea-unspool-becketts-masterpiece-about-memory,culture,,2,arts/culture/celebrities
